[{"model": "GestionLocales.escuela", "pk": "EARQ", "fields": {"nombre_escuela": "Escuela de Arquitectura"}}, {"model": "GestionLocales.escuela", "pk": "EIC", "fields": {"nombre_escuela": "Escuela de ingeniería Civil"}}, {"model": "GestionLocales.escuela", "pk": "EIE", "fields": {"nombre_escuela": "ESCUELA DE ELECTRICA"}}, {"model": "GestionLocales.escuela", "pk": "EIM", "fields": {"nombre_escuela": "Escuela de ingeniería Mecánica"}}, {"model": "GestionLocales.escuela", "pk": "EIQ", "fields": {"nombre_escuela": "Escuela de Ing Quimica"}}, {"model": "GestionLocales.escuela", "pk": "EISI", "fields": {"nombre_escuela": "Escuela de Sistemas"}}, {"model": "GestionLocales.edificio", "pk": "ASL 1", "fields": {"cod_escuela": "EIE", "nombre_edificio": "Edificio Sistemas", "longitud": -89.20022120899206, "latitud": 13.721234126781088}}, {"model": "GestionLocales.edificio", "pk": "EIE 1", "fields": {"cod_escuela": "EISI", "nombre_edificio": "Edificio de Potencia", "longitud": -89.20008941977375, "latitud": 13.721030405031577}}, {"model": "GestionLocales.edificio", "pk": "PPiloto", "fields": {"cod_escuela": "EIQ", "nombre_edificio": "Planta Piloto", "longitud": -89.20110551833416, "latitud": 13.71868304113435}}, {"model": "GestionLocales.local", "pk": "EL1", "fields": {"cod_edificio": "EIE 1", "nombre_local": "Lab Electrica 1", "descripcion": "Este es un local para la escuela de ingeniaría eléctrica.", "nivel": 1, "altitud": 1.0, "puntuacion": 2.0, "imagen_local": "templates/build/static/media/laboratorio-de-electricidad.jpg", "url_img": "http://www.codegeeks.tk/static/media/laboratorio-de-electricidad.jpg"}}, {"model": "GestionLocales.local", "pk": "EL2", "fields": {"cod_edificio": "EIE 1", "nombre_local": "Lab Electrica 2", "descripcion": "Otro laboratorio de eléctrica.", "nivel": 1, "altitud": 1.0, "puntuacion": 2.0, "imagen_local": "templates/build/static/media/unnamed.jpg", "url_img": "http://www.codegeeks.tk/static/media/unnamed.jpg"}}, {"model": "GestionLocales.local", "pk": "LCOMP1", "fields": {"cod_edificio": "ASL 1", "nombre_local": "Laboratorio de Computación 1", "descripcion": "Laboratorio de ingeniería de sistemas informáticos. ", "nivel": 1, "altitud": 1.0, "puntuacion": 2.0, "imagen_local": "templates/build/static/media/unnamed_1.jpg", "url_img": "http://www.codegeeks.tk/static/media/unnamed_1.jpg"}}, {"model": "GestionLocales.local", "pk": "LCOMP2", "fields": {"cod_edificio": "ASL 1", "nombre_local": "Laboratorio de Computación 2", "descripcion": "Otro laboratorio de sistemas.", "nivel": 1, "altitud": 1.0, "puntuacion": 2.0, "imagen_local": "templates/build/static/media/PRINCIPAL.jpg", "url_img": "http://www.codegeeks.tk/static/media/PRINCIPAL.jpg"}}, {"model": "GestionLocales.local", "pk": "LE3", "fields": {"cod_edificio": "EIE 1", "nombre_local": "Lab Electrica 3", "descripcion": "Nuevo laboratorio", "nivel": 1, "altitud": 1.0, "puntuacion": 2.0, "imagen_local": "templates/build/static/media/32073883317_acc07c7b3b_b.jpg", "url_img": "http://www.codegeeks.tk/static/media/32073883317_acc07c7b3b_b.jpg"}}, {"model": "GestionLocales.local", "pk": "LQ1", "fields": {"cod_edificio": "PPiloto", "nombre_local": "Laboratorio de Química 1", "descripcion": "Laboratorio de ingeniería Química 1.", "nivel": 1, "altitud": 1.0, "puntuacion": 5.0, "imagen_local": "templates/build/static/media/Laboratorio_Química_Analítica_UCH.jpg", "url_img": "http://www.codegeeks.tk/static/media/Laboratorio_Química_Analítica_UCH.jpg"}}, {"model": "GestionLocales.local", "pk": "LQ2", "fields": {"cod_edificio": "PPiloto", "nombre_local": "Laboratorio de Química 2", "descripcion": "Otro laboratorio de Química.", "nivel": 1, "altitud": 1.0, "puntuacion": 2.0, "imagen_local": "templates/build/static/media/CAM00708_1.jpg", "url_img": "http://www.codegeeks.tk/static/media/CAM00708_1.jpg"}}, {"model": "GestionLocales.puntuacion", "pk": 21, "fields": {"dui": 545454545, "cod_local": "LQ1", "puntuacion": 5}}, {"model": "GestionLocales.imagen", "pk": 81, "fields": {"cod_local": "EL1", "titulo": "Imagen del localLab Electrica 1", "descripcion": "Imagen del local EL1", "imagen": "templates/build/static/media/laboratorio-de-electricidad_48vmjXQ.jpg", "url": "http://www.codegeeks.tk/static/media/laboratorio-de-electricidad_48vmjXQ.jpg"}}, {"model": "GestionLocales.imagen", "pk": 82, "fields": {"cod_local": "EL1", "titulo": "Imagen del localLab Electrica 1", "descripcion": "Imagen del local EL1", "imagen": "templates/build/static/media/IMG_20181016_121447_0.jpg", "url": "http://www.codegeeks.tk/static/media/IMG_20181016_121447_0.jpg"}}, {"model": "GestionLocales.imagen", "pk": 83, "fields": {"cod_local": "EL1", "titulo": "Imagen del localLab Electrica 1", "descripcion": "Imagen del local EL1", "imagen": "templates/build/static/media/32073896837_5b0c993708_b.jpg", "url": "http://www.codegeeks.tk/static/media/32073896837_5b0c993708_b.jpg"}}, {"model": "GestionLocales.imagen", "pk": 84, "fields": {"cod_local": "EL2", "titulo": "Imagen del localLab Electrica 2", "descripcion": "Imagen del local EL2", "imagen": "templates/build/static/media/unnamed_ERYUSWS.jpg", "url": "http://www.codegeeks.tk/static/media/unnamed_ERYUSWS.jpg"}}, {"model": "GestionLocales.imagen", "pk": 85, "fields": {"cod_local": "EL2", "titulo": "Imagen del localLab Electrica 2", "descripcion": "Imagen del local EL2", "imagen": "templates/build/static/media/laboratorio-de-electricidad_kJ6WsXm.jpg", "url": "http://www.codegeeks.tk/static/media/laboratorio-de-electricidad_kJ6WsXm.jpg"}}, {"model": "GestionLocales.imagen", "pk": 86, "fields": {"cod_local": "EL2", "titulo": "Imagen del localLab Electrica 2", "descripcion": "Imagen del local EL2", "imagen": "templates/build/static/media/32073896837_5b0c993708_b_dMFswHe.jpg", "url": "http://www.codegeeks.tk/static/media/32073896837_5b0c993708_b_dMFswHe.jpg"}}, {"model": "GestionLocales.imagen", "pk": 87, "fields": {"cod_local": "EL2", "titulo": "Imagen del localLab Electrica 2", "descripcion": "Imagen del local EL2", "imagen": "templates/build/static/media/IMG_20181016_121447_0_guqiLeX.jpg", "url": "http://www.codegeeks.tk/static/media/IMG_20181016_121447_0_guqiLeX.jpg"}}, {"model": "GestionLocales.imagen", "pk": 88, "fields": {"cod_local": "LCOMP1", "titulo": "Imagen del localLaboratorio de Computación 1", "descripcion": "Imagen del local LCOMP1", "imagen": "templates/build/static/media/unnamed_1_grS9r8i.jpg", "url": "http://www.codegeeks.tk/static/media/unnamed_1_grS9r8i.jpg"}}, {"model": "GestionLocales.imagen", "pk": 89, "fields": {"cod_local": "LCOMP1", "titulo": "Imagen del localLaboratorio de Computación 1", "descripcion": "Imagen del local LCOMP1", "imagen": "templates/build/static/media/unnamed_pwiuA1G.jpg", "url": "http://www.codegeeks.tk/static/media/unnamed_pwiuA1G.jpg"}}, {"model": "GestionLocales.imagen", "pk": 90, "fields": {"cod_local": "LCOMP1", "titulo": "Imagen del localLaboratorio de Computación 1", "descripcion": "Imagen del local LCOMP1", "imagen": "templates/build/static/media/depositphotos_40219785-stock-photo-computer-lab.jpg", "url": "http://www.codegeeks.tk/static/media/depositphotos_40219785-stock-photo-computer-lab.jpg"}}, {"model": "GestionLocales.imagen", "pk": 91, "fields": {"cod_local": "LCOMP1", "titulo": "Imagen del localLaboratorio de Computación 1", "descripcion": "Imagen del local LCOMP1", "imagen": "templates/build/static/media/20161011-165855.jpg", "url": "http://www.codegeeks.tk/static/media/20161011-165855.jpg"}}, {"model": "GestionLocales.imagen", "pk": 92, "fields": {"cod_local": "LCOMP2", "titulo": "Imagen del localLaboratorio de Computación 2", "descripcion": "Imagen del local LCOMP2", "imagen": "templates/build/static/media/PRINCIPAL_xYrzrb9.jpg", "url": "http://www.codegeeks.tk/static/media/PRINCIPAL_xYrzrb9.jpg"}}, {"model": "GestionLocales.imagen", "pk": 93, "fields": {"cod_local": "LCOMP2", "titulo": "Imagen del localLaboratorio de Computación 2", "descripcion": "Imagen del local LCOMP2", "imagen": "templates/build/static/media/laboratorio-informatica.jpg", "url": "http://www.codegeeks.tk/static/media/laboratorio-informatica.jpg"}}, {"model": "GestionLocales.imagen", "pk": 94, "fields": {"cod_local": "LCOMP2", "titulo": "Imagen del localLaboratorio de Computación 2", "descripcion": "Imagen del local LCOMP2", "imagen": "templates/build/static/media/depositphotos_40219785-stock-photo-computer-lab_8AZI12D.jpg", "url": "http://www.codegeeks.tk/static/media/depositphotos_40219785-stock-photo-computer-lab_8AZI12D.jpg"}}, {"model": "GestionLocales.imagen", "pk": 95, "fields": {"cod_local": "LQ1", "titulo": "Imagen del localLaboratorio de Química 1", "descripcion": "Imagen del local LQ1", "imagen": "templates/build/static/media/Laboratorio_Química_Analítica_UCH_i2x0z1A.jpg", "url": "http://www.codegeeks.tk/static/media/Laboratorio_Química_Analítica_UCH_i2x0z1A.jpg"}}, {"model": "GestionLocales.imagen", "pk": 96, "fields": {"cod_local": "LQ1", "titulo": "Imagen del localLaboratorio de Química 1", "descripcion": "Imagen del local LQ1", "imagen": "templates/build/static/media/lab_quimica_600.jpg", "url": "http://www.codegeeks.tk/static/media/lab_quimica_600.jpg"}}, {"model": "GestionLocales.imagen", "pk": 97, "fields": {"cod_local": "LQ1", "titulo": "Imagen del localLaboratorio de Química 1", "descripcion": "Imagen del local LQ1", "imagen": "templates/build/static/media/descarga.jpeg", "url": "http://www.codegeeks.tk/static/media/descarga.jpeg"}}, {"model": "GestionLocales.imagen", "pk": 98, "fields": {"cod_local": "LQ2", "titulo": "Imagen del localLaboratorio de Química 2", "descripcion": "Imagen del local LQ2", "imagen": "templates/build/static/media/CAM00708_1_qj8VYZe.jpg", "url": "http://www.codegeeks.tk/static/media/CAM00708_1_qj8VYZe.jpg"}}, {"model": "GestionLocales.imagen", "pk": 99, "fields": {"cod_local": "LQ2", "titulo": "Imagen del localLaboratorio de Química 2", "descripcion": "Imagen del local LQ2", "imagen": "templates/build/static/media/unnamed_1_Hi46SPO.jpg", "url": "http://www.codegeeks.tk/static/media/unnamed_1_Hi46SPO.jpg"}}, {"model": "GestionLocales.imagen", "pk": 100, "fields": {"cod_local": "LQ2", "titulo": "Imagen del localLaboratorio de Química 2", "descripcion": "Imagen del local LQ2", "imagen": "templates/build/static/media/U0722447.jpg", "url": "http://www.codegeeks.tk/static/media/U0722447.jpg"}}, {"model": "GestionLocales.imagen", "pk": 101, "fields": {"cod_local": "LE3", "titulo": "Imagen del localLab Electrica 3", "descripcion": "Imagen del local LE3", "imagen": "templates/build/static/media/32073883317_acc07c7b3b_b_wF8klie.jpg", "url": "http://www.codegeeks.tk/static/media/32073883317_acc07c7b3b_b_wF8klie.jpg"}}, {"model": "GestionLocales.imagen", "pk": 102, "fields": {"cod_local": "LE3", "titulo": "Imagen del localLab Electrica 3", "descripcion": "Imagen del local LE3", "imagen": "templates/build/static/media/IMG_20181016_121447_0_EuoQYow.jpg", "url": "http://www.codegeeks.tk/static/media/IMG_20181016_121447_0_EuoQYow.jpg"}}, {"model": "GestionLocales.imagen", "pk": 103, "fields": {"cod_local": "LE3", "titulo": "Imagen del localLab Electrica 3", "descripcion": "Imagen del local LE3", "imagen": "templates/build/static/media/unnamed_QR5n2q8.jpg", "url": "http://www.codegeeks.tk/static/media/unnamed_QR5n2q8.jpg"}}]