[{"model": "GestionMaterias.materia", "pk": "ANS115", "fields": {"nombre_materia": "Analisis numerico", "unidades_valorativas": 4, "obligatoria": 1}}, {"model": "GestionMaterias.materia", "pk": "FIR115", "fields": {"nombre_materia": "Fisica 1", "unidades_valorativas": 4, "obligatoria": 1}}, {"model": "GestionMaterias.materia", "pk": "FIR215", "fields": {"nombre_materia": "Fisica 2", "unidades_valorativas": 4, "obligatoria": 1}}, {"model": "GestionMaterias.materia", "pk": "FIR315", "fields": {"nombre_materia": "Fisica 3", "unidades_valorativas": 4, "obligatoria": 1}}, {"model": "GestionMaterias.materia", "pk": "HSE115", "fields": {"nombre_materia": "Historia social", "unidades_valorativas": 4, "obligatoria": 1}}, {"model": "GestionMaterias.materia", "pk": "IIA115", "fields": {"nombre_materia": "Introduccion a la informatica", "unidades_valorativas": 4, "obligatoria": 1}}, {"model": "GestionMaterias.materia", "pk": "MAT115", "fields": {"nombre_materia": "Matematica 1", "unidades_valorativas": 4, "obligatoria": 1}}, {"model": "GestionMaterias.materia", "pk": "MAT215", "fields": {"nombre_materia": "Matematica 2", "unidades_valorativas": 4, "obligatoria": 1}}, {"model": "GestionMaterias.materia", "pk": "MAT315", "fields": {"nombre_materia": "Matematica 3", "unidades_valorativas": 4, "obligatoria": 1}}, {"model": "GestionMaterias.materia", "pk": "MOP115", "fields": {"nombre_materia": "Metodos de optimizacion", "unidades_valorativas": 4, "obligatoria": 1}}, {"model": "GestionMaterias.materia", "pk": "MSM115", "fields": {"nombre_materia": "Manejo de software para microcomputadoras", "unidades_valorativas": 4, "obligatoria": 1}}, {"model": "GestionMaterias.materia", "pk": "MTE115", "fields": {"nombre_materia": "Metodos experimentales", "unidades_valorativas": 4, "obligatoria": 1}}, {"model": "GestionMaterias.materia", "pk": "PRN115", "fields": {"nombre_materia": "Programacion 1", "unidades_valorativas": 4, "obligatoria": 1}}, {"model": "GestionMaterias.materia", "pk": "PRN215", "fields": {"nombre_materia": "Programacion 2", "unidades_valorativas": 4, "obligatoria": 1}}, {"model": "GestionMaterias.materia", "pk": "PRN315", "fields": {"nombre_materia": "Programacion 3", "unidades_valorativas": 4, "obligatoria": 1}}, {"model": "GestionMaterias.materia", "pk": "PSI115", "fields": {"nombre_materia": "Psicologia", "unidades_valorativas": 4, "obligatoria": 1}}, {"model": "GestionMaterias.materia", "pk": "SDU115", "fields": {"nombre_materia": "Sistemas digitales", "unidades_valorativas": 4, "obligatoria": 1}}, {"model": "GestionMaterias.materia", "pk": "SIC115", "fields": {"nombre_materia": "Sistemas contables", "unidades_valorativas": 4, "obligatoria": 1}}, {"model": "GestionMaterias.materia", "pk": "TOO115", "fields": {"nombre_materia": "Tecnologias orientada a objetos", "unidades_valorativas": 4, "obligatoria": 0}}, {"model": "GestionMaterias.materia", "pk": "TPI115", "fields": {"nombre_materia": "Tecnologia programacion internet", "unidades_valorativas": 4, "obligatoria": 0}}, {"model": "GestionMaterias.materia", "pk": "test51", "fields": {"nombre_materia": "Materia para pruebas", "unidades_valorativas": 4, "obligatoria": 1}}, {"model": "GestionMaterias.catedra", "pk": 1, "fields": {"cod_materia": "MAT115", "anio": 2021, "ciclo_par": false, "fecha_inicio": "2021-01-01", "fecha_fin": "2021-06-02"}}, {"model": "GestionMaterias.catedra", "pk": 2, "fields": {"cod_materia": "FIR115", "anio": 2021, "ciclo_par": false, "fecha_inicio": "2021-01-01", "fecha_fin": "2021-06-02"}}, {"model": "GestionMaterias.catedra", "pk": 21, "fields": {"cod_materia": "HSE115", "anio": 2021, "ciclo_par": false, "fecha_inicio": "2021-10-01", "fecha_fin": "2021-10-04"}}, {"model": "GestionMaterias.catedra", "pk": 22, "fields": {"cod_materia": "MTE115", "anio": 2021, "ciclo_par": false, "fecha_inicio": "2021-10-02", "fecha_fin": "2021-10-06"}}, {"model": "GestionMaterias.catedra", "pk": 23, "fields": {"cod_materia": "MOP115", "anio": 2021, "ciclo_par": false, "fecha_inicio": "2021-10-01", "fecha_fin": "2021-10-05"}}, {"model": "GestionMaterias.catedra", "pk": 24, "fields": {"cod_materia": "PRN315", "anio": 2021, "ciclo_par": false, "fecha_inicio": "2021-10-01", "fecha_fin": "2021-10-02"}}, {"model": "GestionMaterias.catedra", "pk": 25, "fields": {"cod_materia": "FIR315", "anio": 2021, "ciclo_par": false, "fecha_inicio": "2021-10-01", "fecha_fin": "2021-10-02"}}, {"model": "GestionMaterias.catedra", "pk": 41, "fields": {"cod_materia": "HSE115", "anio": 2022, "ciclo_par": false, "fecha_inicio": "2022-01-02", "fecha_fin": "2022-05-04"}}, {"model": "GestionMaterias.catedra", "pk": 42, "fields": {"cod_materia": "SDU115", "anio": 2021, "ciclo_par": false, "fecha_inicio": "2021-10-01", "fecha_fin": "2021-11-04"}}, {"model": "GestionMaterias.ciclo", "pk": 1, "fields": {"anio_en_pensum": 1}}, {"model": "GestionMaterias.ciclo", "pk": 2, "fields": {"anio_en_pensum": 1}}, {"model": "GestionMaterias.ciclo", "pk": 3, "fields": {"anio_en_pensum": 2}}, {"model": "GestionMaterias.ciclo", "pk": 4, "fields": {"anio_en_pensum": 2}}, {"model": "GestionMaterias.ciclo", "pk": 5, "fields": {"anio_en_pensum": 3}}, {"model": "GestionMaterias.ciclo", "pk": 6, "fields": {"anio_en_pensum": 3}}, {"model": "GestionMaterias.ciclo", "pk": 7, "fields": {"anio_en_pensum": 4}}, {"model": "GestionMaterias.ciclo", "pk": 8, "fields": {"anio_en_pensum": 4}}, {"model": "GestionMaterias.ciclo", "pk": 9, "fields": {"anio_en_pensum": 5}}, {"model": "GestionMaterias.ciclo", "pk": 10, "fields": {"anio_en_pensum": 5}}, {"model": "GestionMaterias.espartede", "pk": 1, "fields": {"dui": 545454545, "cod_catedra": 1, "coordinador": true}}, {"model": "GestionMaterias.espartede", "pk": 2, "fields": {"dui": 365842142, "cod_catedra": 1, "coordinador": false}}, {"model": "GestionMaterias.espartede", "pk": 3, "fields": {"dui": 337777661, "cod_catedra": 1, "coordinador": false}}, {"model": "GestionMaterias.espartede", "pk": 4, "fields": {"dui": 46052185, "cod_catedra": 1, "coordinador": false}}, {"model": "GestionMaterias.espartede", "pk": 5, "fields": {"dui": 545454545, "cod_catedra": 2, "coordinador": true}}, {"model": "GestionMaterias.espartede", "pk": 6, "fields": {"dui": 365842142, "cod_catedra": 2, "coordinador": false}}, {"model": "GestionMaterias.espartede", "pk": 7, "fields": {"dui": 337777661, "cod_catedra": 2, "coordinador": false}}, {"model": "GestionMaterias.espartede", "pk": 8, "fields": {"dui": 46052185, "cod_catedra": 2, "coordinador": false}}, {"model": "GestionMaterias.espartede", "pk": 21, "fields": {"dui": 123456789, "cod_catedra": 21, "coordinador": true}}, {"model": "GestionMaterias.espartede", "pk": 22, "fields": {"dui": 352146842, "cod_catedra": 22, "coordinador": true}}, {"model": "GestionMaterias.espartede", "pk": 23, "fields": {"dui": 218329093, "cod_catedra": 23, "coordinador": true}}, {"model": "GestionMaterias.espartede", "pk": 24, "fields": {"dui": 123456789, "cod_catedra": 23, "coordinador": false}}, {"model": "GestionMaterias.espartede", "pk": 25, "fields": {"dui": 337777661, "cod_catedra": 24, "coordinador": true}}, {"model": "GestionMaterias.espartede", "pk": 26, "fields": {"dui": 365842142, "cod_catedra": 24, "coordinador": false}}, {"model": "GestionMaterias.espartede", "pk": 27, "fields": {"dui": 77642877, "cod_catedra": 24, "coordinador": false}}, {"model": "GestionMaterias.espartede", "pk": 28, "fields": {"dui": 46052185, "cod_catedra": 25, "coordinador": true}}, {"model": "GestionMaterias.espartede", "pk": 29, "fields": {"dui": 337777661, "cod_catedra": 25, "coordinador": false}}, {"model": "GestionMaterias.espartede", "pk": 41, "fields": {"dui": 34034228, "cod_catedra": 41, "coordinador": true}}, {"model": "GestionMaterias.espartede", "pk": 42, "fields": {"dui": 77642877, "cod_catedra": 41, "coordinador": false}}, {"model": "GestionMaterias.espartede", "pk": 43, "fields": {"dui": 123456789, "cod_catedra": 41, "coordinador": false}}, {"model": "GestionMaterias.espartede", "pk": 44, "fields": {"dui": 46052185, "cod_catedra": 41, "coordinador": false}}, {"model": "GestionMaterias.espartede", "pk": 45, "fields": {"dui": 323232329, "cod_catedra": 42, "coordinador": true}}, {"model": "GestionMaterias.espartede", "pk": 46, "fields": {"dui": 218329093, "cod_catedra": 42, "coordinador": false}}, {"model": "GestionMaterias.espartede", "pk": 47, "fields": {"dui": 545454545, "cod_catedra": 42, "coordinador": false}}, {"model": "GestionMaterias.dia", "pk": 1, "fields": {"nombre_dia": "Lunes"}}, {"model": "GestionMaterias.dia", "pk": 2, "fields": {"nombre_dia": "Martes"}}, {"model": "GestionMaterias.dia", "pk": 3, "fields": {"nombre_dia": "Miercoles"}}, {"model": "GestionMaterias.dia", "pk": 4, "fields": {"nombre_dia": "Jueves"}}, {"model": "GestionMaterias.dia", "pk": 5, "fields": {"nombre_dia": "Viernes"}}, {"model": "GestionMaterias.dia", "pk": 6, "fields": {"nombre_dia": "Sábado"}}, {"model": "GestionMaterias.hora", "pk": 1, "fields": {"hora_inicio": "06:20:00", "hora_fin": "08:00:00"}}, {"model": "GestionMaterias.hora", "pk": 2, "fields": {"hora_inicio": "08:05:00", "hora_fin": "09:45:00"}}, {"model": "GestionMaterias.hora", "pk": 3, "fields": {"hora_inicio": "09:50:00", "hora_fin": "11:30:00"}}, {"model": "GestionMaterias.hora", "pk": 4, "fields": {"hora_inicio": "11:35:00", "hora_fin": "01:15:00"}}, {"model": "GestionMaterias.horario", "pk": 1, "fields": {"cod_hora": 1, "cod_dia": 1}}, {"model": "GestionMaterias.horario", "pk": 21, "fields": {"cod_hora": 1, "cod_dia": 2}}, {"model": "GestionMaterias.horario", "pk": 22, "fields": {"cod_hora": 1, "cod_dia": 3}}, {"model": "GestionMaterias.horario", "pk": 23, "fields": {"cod_hora": 1, "cod_dia": 4}}, {"model": "GestionMaterias.horario", "pk": 24, "fields": {"cod_hora": 1, "cod_dia": 5}}, {"model": "GestionMaterias.horario", "pk": 25, "fields": {"cod_hora": 2, "cod_dia": 1}}, {"model": "GestionMaterias.horario", "pk": 26, "fields": {"cod_hora": 2, "cod_dia": 2}}, {"model": "GestionMaterias.horario", "pk": 27, "fields": {"cod_hora": 2, "cod_dia": 3}}, {"model": "GestionMaterias.horario", "pk": 29, "fields": {"cod_hora": 2, "cod_dia": 5}}, {"model": "GestionMaterias.horario", "pk": 30, "fields": {"cod_hora": 3, "cod_dia": 1}}, {"model": "GestionMaterias.horario", "pk": 31, "fields": {"cod_hora": 3, "cod_dia": 2}}, {"model": "GestionMaterias.horario", "pk": 32, "fields": {"cod_hora": 3, "cod_dia": 3}}, {"model": "GestionMaterias.horario", "pk": 33, "fields": {"cod_hora": 3, "cod_dia": 4}}, {"model": "GestionMaterias.horario", "pk": 34, "fields": {"cod_hora": 3, "cod_dia": 5}}, {"model": "GestionMaterias.horario", "pk": 35, "fields": {"cod_hora": 1, "cod_dia": 6}}, {"model": "GestionMaterias.horario", "pk": 36, "fields": {"cod_hora": 2, "cod_dia": 6}}, {"model": "GestionMaterias.horario", "pk": 37, "fields": {"cod_hora": 3, "cod_dia": 6}}, {"model": "GestionMaterias.imparte", "pk": 1, "fields": {"cod_materia": "PRN115", "cod_pensum": "IME2021"}}, {"model": "GestionMaterias.imparte", "pk": 2, "fields": {"cod_materia": "HSE115", "cod_pensum": "IME2021"}}, {"model": "GestionMaterias.pensum", "pk": "A2021", "fields": {"cod_escuela": "EIQ", "anio_publicacion": 2021, "carrera": "Arquitectura"}}, {"model": "GestionMaterias.pensum", "pk": "I1998", "fields": {"cod_escuela": "EISI", "anio_publicacion": 1998, "carrera": "Ingenieria de alimentos"}}, {"model": "GestionMaterias.pensum", "pk": "IC2021", "fields": {"cod_escuela": "EISI", "anio_publicacion": 2021, "carrera": "Ingenieria Civil"}}, {"model": "GestionMaterias.pensum", "pk": "IE2021", "fields": {"cod_escuela": "EIE", "anio_publicacion": 2021, "carrera": "Ingenieria Electrica"}}, {"model": "GestionMaterias.pensum", "pk": "IME2021", "fields": {"cod_escuela": "EIM", "anio_publicacion": 2021, "carrera": "Ingenieria Mecanica Electrica"}}, {"model": "GestionMaterias.pensum", "pk": "IP1999", "fields": {"cod_escuela": "EISI", "anio_publicacion": 1999, "carrera": "Ingeniería Patoso"}}, {"model": "GestionMaterias.pensum", "pk": "IP2000", "fields": {"cod_escuela": "EISI", "anio_publicacion": 2000, "carrera": "Ingeniería Patoso"}}, {"model": "GestionMaterias.pensum", "pk": "IS2020", "fields": {"cod_escuela": "EISI", "anio_publicacion": 2020, "carrera": "Ingeniería de Software"}}]